regnr,model_year,fuel,body_type,price_sek,odometer_km,price_per_1000km,url
TNG159,2018,Miljöbränsle/Hybrid,Halvkombi,135000,90000,1500.0,https://www.blocket.se/annons/1401704097
GJD48X,2019,Diesel,SUV,160000,137420,1164.31,https://www.blocket.se/annons/1401810267
LRO335,2017,Bensin,Halvkombi,154000,52000,2961.54,https://www.blocket.se/annons/1401816196
ONS641,2016,Diesel,Familjebuss,50000,248215,201.44,https://www.blocket.se/annons/1401816028
TYX878,2015,Diesel,Kombi,80000,340000,235.29,https://www.blocket.se/annons/1401824184
HSD80F,2021,Miljöbränsle/Hybrid,Kombi,479000,53000,9037.74,https://www.blocket.se/annons/1401679453
DXZ218,2015,Diesel,SUV,164900,117840,1399.36,https://www.blocket.se/annons/1401811521
HHD98C,2019,El,Sedan,249500,97000,2572.16,https://www.blocket.se/annons/1401759367
RNP392,2015,Bensin,Halvkombi,125000,125190,998.48,https://www.blocket.se/annons/1401826202
PWL471,2015,Bensin,Halvkombi,124500,74990,1660.22,https://www.blocket.se/annons/1401815053
YZJ303,2018,Diesel,SUV,465000,91590,5076.97,https://www.blocket.se/annons/1401724483
RMF105,2017,Bensin,Halvkombi,95000,34270,2772.1,https://www.blocket.se/annons/1401812260
LAN373,2016,Diesel,Sedan,229000,136000,1683.82,https://www.blocket.se/annons/1401824665
ATK936,2015,Diesel,Halvkombi,100000,157580,634.6,https://www.blocket.se/annons/1401793589
GTC488,2015,Diesel,Kombi,105000,193650,542.22,https://www.blocket.se/annons/1401819564
GNE074,2017,Bensin,Halvkombi,79900,124650,640.99,https://www.blocket.se/annons/1401824832
PSS786,2019,Diesel,Kombi,290000,116840,2482.03,https://www.blocket.se/annons/1401822578
YLK302,2017,Diesel,Skåpbil,60000,222900,269.18,https://www.blocket.se/annons/1401820956
XJE865,2015,Diesel,Kombi,220000,226090,973.06,https://www.blocket.se/annons/1401807931
GMY622,2015,Diesel,Kombi,89000,313000,284.35,https://www.blocket.se/annons/1401780860
YWY606,2018,Diesel,SUV,129000,101870,1266.32,https://www.blocket.se/annons/1401818963
DCY163,2017,Diesel,SUV,295000,200000,1475.0,https://www.blocket.se/annons/1401808384
PLS764,2017,Diesel,Kombi,229000,267500,856.07,https://www.blocket.se/annons/1401824826
OGY231,2016,Diesel,Kombi,139500,93760,1487.84,https://www.blocket.se/annons/1401814836
PTP669,2016,Miljöbränsle/Hybrid,Kombi,158000,137560,1148.59,https://www.blocket.se/annons/1401826406
MGC814,2016,Diesel,Kombi,119900,284740,421.09,https://www.blocket.se/annons/1401662246
YDS290,2019,Bensin,Kombi,187000,77870,2401.44,https://www.blocket.se/annons/1401818770
SKY853,2015,Diesel,Kombi,340000,195000,1743.59,https://www.blocket.se/annons/1401815970
KBY358,2016,Bensin,SUV,119000,112210,1060.51,https://www.blocket.se/annons/1401813693
HJA57E,2021,Diesel,Kombi,319000,79500,4012.58,https://www.blocket.se/annons/1401809417
OHG444,2017,Diesel,Familjebuss,189000,113000,1672.57,https://www.blocket.se/annons/1401822831
ESJ107,2015,Diesel,Skåpbil,79000,231740,340.9,https://www.blocket.se/annons/1401809675
JNX779,2018,Bensin,Halvkombi,99500,78000,1275.64,https://www.blocket.se/annons/1401809389
YYY01P,2021,Bensin,Halvkombi,154900,22480,6890.57,https://www.blocket.se/annons/1401825533
ONA877,2015,Diesel,Halvkombi,105000,175000,600.0,https://www.blocket.se/annons/1401815042
RGT927,2017,Bensin,Halvkombi,59000,162000,364.2,https://www.blocket.se/annons/1401720800
WZJ247,2016,Diesel,Sedan,182000,137170,1326.82,https://www.blocket.se/annons/1401813196
LKK217,2015,Diesel,Kombi,169900,190460,892.05,https://www.blocket.se/annons/1401822591
GND893,2015,Diesel,Kombi,140000,2400,58333.33,https://www.blocket.se/annons/1401826218
RTJ83W,2023,El,SUV,304000,1000,304000.0,https://www.blocket.se/annons/1401692750
ZDA644,2018,Bensin,Kombi,180000,95200,1890.76,https://www.blocket.se/annons/1401812134
MDR626,2016,Diesel,SUV,279000,199550,1398.15,https://www.blocket.se/annons/1401817168
YPK825,2018,Diesel,Kombi,239000,184550,1295.04,https://www.blocket.se/annons/1401810396
JWW038,2016,Diesel,Kombi,99900,298160,335.06,https://www.blocket.se/annons/1401812363
CSA05R,2021,El,SUV,375000,89000,4213.48,https://www.blocket.se/annons/1401795719
YST080,2018,Diesel,Kombi,195000,162000,1203.7,https://www.blocket.se/annons/1401812544
KXC40W,2021,Miljöbränsle/Hybrid,SUV,214500,53000,4047.17,https://www.blocket.se/annons/1401819284
PCM077,2017,Bensin,Halvkombi,149900,166330,901.22,https://www.blocket.se/annons/1401808363
OXT724,2019,Diesel,Halvkombi,210000,81820,2566.61,https://www.blocket.se/annons/1401822710
KKA79F,2022,El,Halvkombi,190000,22000,8636.36,https://www.blocket.se/annons/1401799136
YAS191,2016,Diesel,Kombi,205000,119000,1722.69,https://www.blocket.se/annons/1401809632
DZC950,2018,Diesel,Pickup,180000,149360,1205.14,https://www.blocket.se/annons/1401820218
XGT439,2016,Bensin,Halvkombi,87000,47560,1829.27,https://www.blocket.se/annons/1401807895
PBZ403,2015,Bensin,Halvkombi,69000,155120,444.82,https://www.blocket.se/annons/1401782568
KZH430,2016,Diesel,SUV,295000,200000,1475.0,https://www.blocket.se/annons/1401564306
GYK97U,2020,Miljöbränsle/Hybrid,Kombi,310000,83090,3730.89,https://www.blocket.se/annons/1401707520
SGS65J,2022,Bensin,Halvkombi,139000,45440,3058.98,https://www.blocket.se/annons/1401736958
PEE298,2017,Diesel,SUV,142000,86450,1642.57,https://www.blocket.se/annons/1401819260
WMJ026,2016,Diesel,Kombi,127000,182470,696.0,https://www.blocket.se/annons/1401784083
JSH940,2015,Diesel,Halvkombi,169999,145200,1170.79,https://www.blocket.se/annons/1401818802
DTH087,2016,Diesel,Halvkombi,114900,95300,1205.67,https://www.blocket.se/annons/1401801189
KPJ908,2023,El,SUV,8000,52500,152.38,https://www.blocket.se/annons/1401818461
CKZ534,2017,Diesel,Kombi,193000,152690,1264.0,https://www.blocket.se/annons/1401825629
CAS54B,2021,El,Sedan,270000,109700,2461.26,https://www.blocket.se/annons/1401787409
PYR233,2016,Bensin,Halvkombi,95000,115640,821.52,https://www.blocket.se/annons/1401822723
HPN77R,2020,Bensin,Halvkombi,259900,54000,4812.96,https://www.blocket.se/annons/1401765184
YMC730,2017,Diesel,Skåpbil,185000,120000,1541.67,https://www.blocket.se/annons/1401810035
CFS281,2015,Diesel,Kombi,120000,270000,444.44,https://www.blocket.se/annons/1401820508
RPF473,2018,Bensin,SUV,269000,220000,1222.73,https://www.blocket.se/annons/1401614746
FWD76Y,2021,Bensin,Halvkombi,219000,22000,9954.55,https://www.blocket.se/annons/1401794975
HTR332,2016,Diesel,Transportchassi,199000,155900,1276.46,https://www.blocket.se/annons/1401732174
EHO514,2017,Diesel,Kombi,150000,102500,1463.41,https://www.blocket.se/annons/1401788210
LXT317,2022,Bensin,Kombi,175000,56000,3125.0,https://www.blocket.se/annons/1401702623
NPP944,2015,Diesel,Kombi,110000,312800,351.66,https://www.blocket.se/annons/1401814347
PBS723,2017,Diesel,Kombi,240000,134800,1780.42,https://www.blocket.se/annons/1401757038
ONN100,2015,Bensin,Kombi,48000,234000,205.13,https://www.blocket.se/annons/1401820585
STL488,2019,Miljöbränsle/Hybrid,Sedan,265000,111000,2387.39,https://www.blocket.se/annons/1401822511
GWU856,2016,Diesel,Kombi,179000,245500,729.12,https://www.blocket.se/annons/1401668746
ZRE02M,2020,Bensin,SUV,289000,93420,3093.56,https://www.blocket.se/annons/1401816931
PSK099,2015,Diesel,Kombi,110000,284720,386.34,https://www.blocket.se/annons/1401809159
DXM382,2015,Bensin,Kombi,80000,85000,941.18,https://www.blocket.se/annons/1401795009
SJF060,2017,Diesel,Kombi,209000,175000,1194.29,https://www.blocket.se/annons/1401822517
OWY634,2016,Bensin,Coupé,209500,204240,1025.75,https://www.blocket.se/annons/1401759303
YTT368,2018,El,Skåpbil,132000,27380,4821.04,https://www.blocket.se/annons/1401812464
BXE569,2015,Bensin,Halvkombi,105000,182600,575.03,https://www.blocket.se/annons/1401697969
PKD294,2017,Diesel,Kombi,120000,173490,691.68,https://www.blocket.se/annons/1401821506
ZEF805,2018,Diesel,SUV,185000,150000,1233.33,https://www.blocket.se/annons/1401807625
ERE373,2015,Diesel,Halvkombi,149000,209280,711.96,https://www.blocket.se/annons/1401808254
HEG188,2018,Bensin,Halvkombi,160000,101350,1578.69,https://www.blocket.se/annons/1401782965
BZN734,2020,Bensin,Kombi,235000,73330,3204.69,https://www.blocket.se/annons/1401815690
CFF35W,2020,Bensin,Kombi,170000,68000,2500.0,https://www.blocket.se/annons/1401826137
RBB518,2017,Diesel,Skåpbil,97000,135000,718.52,https://www.blocket.se/annons/1401719618
DCP828,2016,Diesel,Cab,220000,201680,1090.84,https://www.blocket.se/annons/1401809549
FRJ554,2018,Diesel,Kombi,220000,80000,2750.0,https://www.blocket.se/annons/1401813204
NAP11M,2019,El,SUV,192000,106550,1801.97,https://www.blocket.se/annons/1401810093
ORN322,2021,El,Halvkombi,184900,180000,1027.22,https://www.blocket.se/annons/1401808036
TPT06Y,2019,Diesel,Pickup,239000,60280,3964.83,https://www.blocket.se/annons/1401818016
YRO880,2019,Bensin,SUV,172000,117000,1470.09,https://www.blocket.se/annons/1401808212
CPG810,2016,Diesel,Kombi,104000,180190,577.17,https://www.blocket.se/annons/1401815341
CCD026,2016,Bensin,Halvkombi,59500,167000,356.29,https://www.blocket.se/annons/1401824264
OXA501,2015,Diesel,Kombi,125000,155970,801.44,https://www.blocket.se/annons/1401767647
YJS71K,2021,El,Sedan,220000,193000,1139.9,https://www.blocket.se/annons/1401659669
UPD28C,2019,El,SUV,205000,87960,2330.6,https://www.blocket.se/annons/1401812138
YTO785,2019,Bensin,Halvkombi,189900,58840,3227.4,https://www.blocket.se/annons/1401810510
CLA953,2018,Bensin,Halvkombi,399000,128650,3101.44,https://www.blocket.se/annons/1401810365
NPL21G,2022,El,Kombi,219900,30100,7305.65,https://www.blocket.se/annons/1401826108
GNP222,2015,Diesel,Halvkombi,100000,132850,752.73,https://www.blocket.se/annons/1401825729
ODH828,2016,Diesel,Kombi,229000,79390,2884.49,https://www.blocket.se/annons/1401811908
MAN308,2016,Diesel,Halvkombi,129700,224860,576.8,https://www.blocket.se/annons/1401646596
DOP714,2017,Diesel,Kombi,194900,175510,1110.48,https://www.blocket.se/annons/1401816169
MOG410,2015,Diesel,Sedan,160000,245000,653.06,https://www.blocket.se/annons/1401818883
YDG360,2016,Diesel,Skåpbil,185000,160130,1155.31,https://www.blocket.se/annons/1401813172
ATY13G,2021,Bensin,Kombi,149000,56000,2660.71,https://www.blocket.se/annons/1401748781
TBR68B,2022,Miljöbränsle/Hybrid,Kombi,245000,41490,5905.04,https://www.blocket.se/annons/1401822660
MOJ02S,2022,Diesel,Skåpbil,799000,85980,9292.86,https://www.blocket.se/annons/1401816004
PHA64F,2021,El,SUV,460000,87030,5285.53,https://www.blocket.se/annons/1401748526
BHO435,2019,Bensin,SUV,234000,105840,2210.88,https://www.blocket.se/annons/1401825231
AUU743,2015,Diesel,Halvkombi,110000,185170,594.05,https://www.blocket.se/annons/1401826294
GFA719,2016,Miljöbränsle/Hybrid,Sedan,210000,117000,1794.87,https://www.blocket.se/annons/1401813984
HCJ258,2016,Diesel,SUV,199000,220890,900.9,https://www.blocket.se/annons/1401808208
YTM883,2019,Diesel,Skåpbil,74900,74920,999.73,https://www.blocket.se/annons/1401768049
YNE640,2017,Bensin,Halvkombi,79000,130490,605.41,https://www.blocket.se/annons/1401773418
ZAS089,2017,Miljöbränsle/Hybrid,SUV,210000,59450,3532.38,https://www.blocket.se/annons/1401815527
YLU017,2018,Diesel,Kombi,180000,166800,1079.14,https://www.blocket.se/annons/1401825440
YJT600,2017,Diesel,Halvkombi,100000,180000,555.56,https://www.blocket.se/annons/1401813980
PDR44G,2023,Miljöbränsle/Hybrid,Sedan,460000,45420,10127.7,https://www.blocket.se/annons/1401825832
HOJ77G,2020,Miljöbränsle/Hybrid,Kombi,219900,86020,2556.38,https://www.blocket.se/annons/1401807122
NBS207,2016,Diesel,Kombi,129999,310000,419.35,https://www.blocket.se/annons/1401654448
FDP78K,2021,Miljöbränsle/Hybrid,Kombi,489000,64450,7587.28,https://www.blocket.se/annons/1401807575
HTX589,2016,Bensin,Halvkombi,149000,90000,1655.56,https://www.blocket.se/annons/1401811120
ZDJ435,2018,Diesel,Skåpbil,329000,94800,3470.46,https://www.blocket.se/annons/1401816907
XJO421,2018,Diesel,Skåpbil,130000,106700,1218.37,https://www.blocket.se/annons/1401786712
YAY814,2016,Diesel,Kombi,78000,215000,362.79,https://www.blocket.se/annons/1401766334
DSK931,2017,Diesel,Skåpbil,225000,259740,866.25,https://www.blocket.se/annons/1401821486
RXO701,2017,Diesel,Kombi,139000,216180,642.98,https://www.blocket.se/annons/1401813725
JJZ250,2015,Diesel,Kombi,114900,252460,455.12,https://www.blocket.se/annons/1401814487
RCD665,2016,Diesel,SUV,269000,337600,796.8,https://www.blocket.se/annons/1401756717
FBW598,2015,Bensin,Halvkombi,94900,79500,1193.71,https://www.blocket.se/annons/1401744750
CRW225,2017,Bensin,Halvkombi,110000,132710,828.87,https://www.blocket.se/annons/1401824106
UWL943,2017,Diesel,Kombi,180000,200780,896.5,https://www.blocket.se/annons/1401811924
BHJ439,2019,Diesel,Sedan,319000,105670,3018.83,https://www.blocket.se/annons/1401822378
DAK25L,2021,El,SUV,285000,117000,2435.9,https://www.blocket.se/annons/1401825306
HDH520,2015,Miljöbränsle/Hybrid,Halvkombi,159000,82870,1918.67,https://www.blocket.se/annons/1401723291
JRS165,2015,Bensin,Halvkombi,278000,119850,2319.57,https://www.blocket.se/annons/1401825100
WJG422,2018,Diesel,Kombi,235000,135000,1740.74,https://www.blocket.se/annons/1401825463
MGA823,2018,Diesel,Skåpbil,219000,192240,1139.2,https://www.blocket.se/annons/1401820499
OBM365,2017,Diesel,Halvkombi,140000,90000,1555.56,https://www.blocket.se/annons/1401816859
EPH107,2015,Diesel,Skåpbil,120000,174430,687.96,https://www.blocket.se/annons/1401818607
TPW160,2015,El,Sedan,195900,140270,1396.59,https://www.blocket.se/annons/1401736190
BCB404,2018,Diesel,Transportchassi,240000,130000,1846.15,https://www.blocket.se/annons/1401679099
JJE70X,2019,Bensin,SUV,335900,116000,2895.69,https://www.blocket.se/annons/1401818984
OMJ630,2017,Bensin,Halvkombi,139000,139000,1000.0,https://www.blocket.se/annons/1401814455
YSG507,2016,Diesel,Kombi,95000,450000,211.11,https://www.blocket.se/annons/1401825240
WHE80K,2019,Diesel,Skåpbil,99900,216100,462.29,https://www.blocket.se/annons/1401820524
YEK651,2016,Diesel,Kombi,135000,222230,607.48,https://www.blocket.se/annons/1401826583
NUO042,2018,Diesel,Sedan,399000,181700,2195.93,https://www.blocket.se/annons/1401790636
WAD80Y,2021,Bensin,Sedan,697000,42900,16247.09,https://www.blocket.se/annons/1401721767
YSG670,2019,Bensin,Sedan,795000,73000,10890.41,https://www.blocket.se/annons/1401772400
YSA574,2019,Diesel,Kombi,425000,125340,3390.78,https://www.blocket.se/annons/1401815794
YCP674,2016,Bensin,SUV,135000,70390,1917.89,https://www.blocket.se/annons/1401808551
SSX945,2017,Diesel,Skåpbil,199000,210810,943.98,https://www.blocket.se/annons/1401817994
YKS807,2017,Diesel,Kombi,185000,185370,998.0,https://www.blocket.se/annons/1401814265
ECF997,2018,Miljöbränsle/Hybrid,Kombi,178000,63810,2789.53,https://www.blocket.se/annons/1401818739
UKM645,2017,Diesel,Skåpbil,110000,198810,553.29,https://www.blocket.se/annons/1401814832
XBJ40Y,2019,El,SUV,519000,105000,4942.86,https://www.blocket.se/annons/1401660293
OBS852,2016,Diesel,Kombi,165000,184380,894.89,https://www.blocket.se/annons/1401818153
GKY449,2015,Diesel,SUV,135000,137090,984.75,https://www.blocket.se/annons/1401811360
BFM093,2019,Bensin,Kombi,179900,83040,2166.43,https://www.blocket.se/annons/1401811748
JHM179,2016,Diesel,Familjebuss,295000,264320,1116.07,https://www.blocket.se/annons/1401825258
ORX856,2018,Bensin,Halvkombi,190000,75890,2503.62,https://www.blocket.se/annons/1401816627
AUF11W,2017,Miljöbränsle/Hybrid,SUV,172499,125690,1372.42,https://www.blocket.se/annons/1401818197
REK15K,2019,Bensin,SUV,219000,148990,1469.9,https://www.blocket.se/annons/1401813671
AHN684,2018,Diesel,Kombi,140000,211500,661.94,https://www.blocket.se/annons/1401822707
PET253,2017,Diesel,Kombi,299999,133760,2242.82,https://www.blocket.se/annons/1401821198
THT79A,2023,El,Halvkombi,320000,35000,9142.86,https://www.blocket.se/annons/1401669740
MSB72G,2020,Diesel,SUV,235000,87000,2701.15,https://www.blocket.se/annons/1401671999
NDS22U,2021,Bensin,Halvkombi,155000,101000,1534.65,https://www.blocket.se/annons/1401807524
HCR436,2015,Diesel,Skåpbil,69900,126340,553.27,https://www.blocket.se/annons/1401820565
OTZ984,2015,Diesel,SUV,195000,149940,1300.52,https://www.blocket.se/annons/1401703127
NWS686,2018,Diesel,Halvkombi,215000,95880,2242.39,https://www.blocket.se/annons/1401819735
EKE267,2020,Diesel,Kombi,168000,270000,622.22,https://www.blocket.se/annons/1401822894
FZT939,2015,Bensin,Coupé,149990,102000,1470.49,https://www.blocket.se/annons/1401811907
YLT831,2017,Bensin,Halvkombi,149000,90610,1644.41,https://www.blocket.se/annons/1401756417
YXA166,2019,Bensin,Kombi,260000,151090,1720.83,https://www.blocket.se/annons/1401809624
OEF111,2017,Diesel,SUV,265000,114640,2311.58,https://www.blocket.se/annons/1401812738
XDK08Z,2022,El,SUV,299000,40980,7296.24,https://www.blocket.se/annons/1401819941
YFE883,2017,Diesel,SUV,165000,175000,942.86,https://www.blocket.se/annons/1401821276
OED545,2017,Diesel,Kombi,198000,163890,1208.13,https://www.blocket.se/annons/1401814563
YLS540,2017,Bensin,Halvkombi,79000,148220,532.99,https://www.blocket.se/annons/1401824559
OXO695,2018,Bensin,SUV,180000,129000,1395.35,https://www.blocket.se/annons/1401817949
OBB911,2018,Diesel,Kombi,195000,146240,1333.42,https://www.blocket.se/annons/1401819524
TJD425,2015,Diesel,Skåpbil,79900,158240,504.93,https://www.blocket.se/annons/1401771738
FNB192,2015,Diesel,Kombi,125000,174350,716.95,https://www.blocket.se/annons/1401810807
SWS333,2019,Diesel,SUV,165000,99570,1657.13,https://www.blocket.se/annons/1401827121
DMA15H,2020,El,Skåpbil,150000,47000,3191.49,https://www.blocket.se/annons/1401822010
YDR659,2017,Bensin,SUV,339000,113030,2999.2,https://www.blocket.se/annons/1401809752
JKA68E,2020,Bensin,Sedan,310000,69210,4479.12,https://www.blocket.se/annons/1401820635
PNW742,2015,Diesel,Kombi,190000,149570,1270.31,https://www.blocket.se/annons/1401817386
SSP906,2015,Bensin,Halvkombi,84000,63230,1328.48,https://www.blocket.se/annons/1401816322
JXR019,2015,Diesel,Skåpbil,72500,147360,491.99,https://www.blocket.se/annons/1401813581
PTB357,2019,Bensin,SUV,319900,121000,2643.8,https://www.blocket.se/annons/1401675227
DPD174,2015,Diesel,SUV,110000,175500,626.78,https://www.blocket.se/annons/1401809681
AUB03F,2021,Miljöbränsle/Hybrid,Halvkombi,228000,42340,5384.98,https://www.blocket.se/annons/1401821936
LBB92T,2017,Diesel,SUV,289000,216000,1337.96,https://www.blocket.se/annons/1401792537
EMM145,2019,Diesel,Kombi,195000,212000,919.81,https://www.blocket.se/annons/1401814793
SXP495,2015,Diesel,Cab,259000,61120,4237.57,https://www.blocket.se/annons/1401723565
JTX18Y,2021,Miljöbränsle/Hybrid,Kombi,309900,91500,3386.89,https://www.blocket.se/annons/1401815816
JFR985,2016,Bensin,Halvkombi,99000,175400,564.42,https://www.blocket.se/annons/1401822515
OHZ027,2017,El,Halvkombi,62000,74690,830.1,https://www.blocket.se/annons/1401811136
JGP534,2016,Diesel,Halvkombi,125000,177600,703.83,https://www.blocket.se/annons/1401816439
YRL891,2019,Diesel,Halvkombi,155000,166520,930.82,https://www.blocket.se/annons/1401817709
YEB688,2016,Diesel,Kombi,205000,124770,1643.02,https://www.blocket.se/annons/1401669696
ETP481,2015,Diesel,Familjebuss,135000,232370,580.97,https://www.blocket.se/annons/1401815066
NFX342,2016,Bensin,Halvkombi,179000,137850,1298.51,https://www.blocket.se/annons/1401819556
YMN852,2018,Bensin,SUV,106000,60130,1762.85,https://www.blocket.se/annons/1401810244
PMT232,2018,Diesel,Skåpbil,125000,84200,1484.56,https://www.blocket.se/annons/1401796361
MDB745,2017,Diesel,Kombi,180000,137000,1313.87,https://www.blocket.se/annons/1401813687
GCM367,2018,Miljöbränsle/Hybrid,Halvkombi,199000,127400,1562.01,https://www.blocket.se/annons/1401640528
HSC98S,2021,Diesel,Halvkombi,300000,51660,5807.2,https://www.blocket.se/annons/1401801294
AWZ382,2016,El,Halvkombi,129000,82920,1555.72,https://www.blocket.se/annons/1401782647
ZDH680,2018,Bensin,Kombi,118000,172300,684.85,https://www.blocket.se/annons/1401814489
JYY136,2016,Diesel,Kombi,169900,228760,742.7,https://www.blocket.se/annons/1401799248
ZHH02C,2020,Diesel,Sedan,285000,106760,2669.54,https://www.blocket.se/annons/1401811017
HTF98P,2019,Diesel,Familjebuss,225000,88760,2534.93,https://www.blocket.se/annons/1401704683
NJM863,2016,Diesel,SUV,179900,196520,915.43,https://www.blocket.se/annons/1401816846
NUN757,2016,Bensin,Coupé,265000,111000,2387.39,https://www.blocket.se/annons/1401802968
GBG088,2015,Diesel,Kombi,199000,232930,854.33,https://www.blocket.se/annons/1401821696
FLM56B,2021,El,Halvkombi,220000,105000,2095.24,https://www.blocket.se/annons/1401827118
PDU945,2017,Diesel,Kombi,169900,126000,1348.41,https://www.blocket.se/annons/1401819303
YDT194,2016,Diesel,Halvkombi,89000,103820,857.25,https://www.blocket.se/annons/1401813274
BTC01U,2020,Bensin,Halvkombi,189000,43050,4390.24,https://www.blocket.se/annons/1401784258
MBF751,2016,Diesel,Halvkombi,139000,92000,1510.87,https://www.blocket.se/annons/1401581270
PFO269,2017,Diesel,Yrkesfordon,144000,129480,1112.14,https://www.blocket.se/annons/1401817495
UYP87D,2019,Bensin,SUV,149500,677270,220.74,https://www.blocket.se/annons/1401811693
LHB10U,2022,Diesel,Skåpbil,389900,113660,3430.41,https://www.blocket.se/annons/1401799408
NDL383,2016,Bensin,Cab,425000,65100,6528.42,https://www.blocket.se/annons/1401823818
DAF13R,2023,Bensin,SUV,199900,22950,8710.24,https://www.blocket.se/annons/1401812773
SSR900,2018,Bensin,SUV,449000,26250,17104.76,https://www.blocket.se/annons/1401822512
DSP570,2016,Bensin,Halvkombi,119000,98770,1204.82,https://www.blocket.se/annons/1401810116
TTA261,2018,Miljöbränsle/Hybrid,Halvkombi,148500,171850,864.13,https://www.blocket.se/annons/1401766400
RWA413,2016,Diesel,Skåpbil,57000,201590,282.75,https://www.blocket.se/annons/1401818951
ECY243,2018,Diesel,SUV,365000,71300,5119.21,https://www.blocket.se/annons/1401799621
ULN48Y,2021,Diesel,SUV,429000,19800,21666.67,https://www.blocket.se/annons/1401810522
FAD36M,2024,El,Sedan,630000,19000,33157.89,https://www.blocket.se/annons/1401821848
WAX679,2016,Diesel,Pickup,450000,87570,5138.75,https://www.blocket.se/annons/1401767266
UPG98E,2020,El,Halvkombi,130000,117000,1111.11,https://www.blocket.se/annons/1401823830
ZDX419,2018,Bensin,Halvkombi,269000,141010,1907.67,https://www.blocket.se/annons/1401819064
YXK856,2019,Diesel,SUV,625000,87500,7142.86,https://www.blocket.se/annons/1401787977
DKF56P,2020,El,SUV,159900,28800,5552.08,https://www.blocket.se/annons/1401808987
YBT783,2016,Diesel,Halvkombi,130000,135240,961.25,https://www.blocket.se/annons/1401812885
FTY471,2018,Diesel,Skåpbil,122800,82000,1497.56,https://www.blocket.se/annons/1401820384
YKZ399,2016,Diesel,Pickup,90000,166480,540.61,https://www.blocket.se/annons/1401810843
MNY41Y,2020,Bensin,Halvkombi,153500,88310,1738.19,https://www.blocket.se/annons/1401815108
CDD35W,2022,Bensin,Halvkombi,287000,42990,6675.97,https://www.blocket.se/annons/1401823291
YAN437,2016,Diesel,Kombi,199000,229740,866.2,https://www.blocket.se/annons/1401822216
OTK514,2015,Diesel,Halvkombi,140000,150000,933.33,https://www.blocket.se/annons/1401810933
NFF132,2017,Diesel,SUV,140000,291800,479.78,https://www.blocket.se/annons/1401818084
YXM987,2019,Miljöbränsle/Hybrid,SUV,195000,90890,2145.45,https://www.blocket.se/annons/1401809458
EMK312,2015,Diesel,Kombi,116900,191180,611.47,https://www.blocket.se/annons/1401809348
RCU093,2018,Diesel,Familjebuss,144000,128130,1123.86,https://www.blocket.se/annons/1401801618
PNW624,2016,Diesel,Kombi,220000,185780,1184.2,https://www.blocket.se/annons/1401825152
RDL449,2016,Diesel,Skåpbil,79000,184000,429.35,https://www.blocket.se/annons/1401705345
ERT45D,2023,El,Halvkombi,334990,44600,7510.99,https://www.blocket.se/annons/1401791125
PTP037,2017,Diesel,Skåpbil,116000,127620,908.95,https://www.blocket.se/annons/1401826370
YPK509,2018,Diesel,SUV,409000,119280,3428.91,https://www.blocket.se/annons/1401808265
ZAB851,2018,El,Halvkombi,85000,72950,1165.18,https://www.blocket.se/annons/1401807370
SPD368,2018,Bensin,Halvkombi,159000,155000,1025.81,https://www.blocket.se/annons/1401787291
GHD87L,2022,Bensin,Kombi,195000,45200,4314.16,https://www.blocket.se/annons/1401807932
OBC770,2019,Diesel,Familjebuss,469000,114500,4096.07,https://www.blocket.se/annons/1401823525
BMN925,2023,El,SUV,384000,29600,12972.97,https://www.blocket.se/annons/1401823730
NLG373,2016,Bensin,Halvkombi,79000,108500,728.11,https://www.blocket.se/annons/1401809677
HBK585,2016,Diesel,Kombi,209000,159000,1314.47,https://www.blocket.se/annons/1401561767
CXB735,2018,Bensin,Halvkombi,67000,111960,598.43,https://www.blocket.se/annons/1401809793
FYL442,2015,Diesel,SUV,189000,128700,1468.53,https://www.blocket.se/annons/1401820013
SEN87S,2023,El,Halvkombi,775000,25950,29865.13,https://www.blocket.se/annons/1400040287
ELP396,2016,Diesel,Halvkombi,73999,310190,238.56,https://www.blocket.se/annons/1401816757
OFK957,2016,Bensin,Kombi,110000,150,733333.33,https://www.blocket.se/annons/1401822300
BAU465,2017,Bensin,Halvkombi,349000,65000,5369.23,https://www.blocket.se/annons/1401697174
YPO057,2018,Bensin,SUV,207500,114680,1809.38,https://www.blocket.se/annons/1401817364
YJT312,2017,Bensin,Kombi,285000,130760,2179.57,https://www.blocket.se/annons/1401819047
OJZ856,2017,Diesel,Skåpbil,120000,59500,2016.81,https://www.blocket.se/annons/1401824772
YPO676,2022,Miljöbränsle/Hybrid,SUV,462500,134000,3451.49,https://www.blocket.se/annons/1401820855
UXW753,2016,Diesel,Kombi,127500,116170,1097.53,https://www.blocket.se/annons/1401784428
DRF132,2017,Diesel,Kombi,179900,187030,961.88,https://www.blocket.se/annons/1401808515
ESE221,2015,Diesel,Kombi,90000,177530,506.96,https://www.blocket.se/annons/1401816317
EFF16W,2019,Miljöbränsle/Hybrid,SUV,195000,124110,1571.19,https://www.blocket.se/annons/1401813476
SPA551,2017,Diesel,Kombi,195000,161230,1209.45,https://www.blocket.se/annons/1401814242
NZG870,2016,El,Halvkombi,71000,44550,1593.71,https://www.blocket.se/annons/1401823899
DSJ522,2017,Diesel,SUV,195000,156000,1250.0,https://www.blocket.se/annons/1401819185
JOG450,2018,Diesel,Kombi,219000,164500,1331.31,https://www.blocket.se/annons/1401771232
OYM493,2016,Diesel,Kombi,145000,259960,557.78,https://www.blocket.se/annons/1401815523
JAH090,2016,Diesel,Kombi,159000,176230,902.23,https://www.blocket.se/annons/1401822193
YFC460,2017,Bensin,Halvkombi,145000,82000,1768.29,https://www.blocket.se/annons/1401824151
BRJ700,2017,Diesel,Halvkombi,165000,93800,1759.06,https://www.blocket.se/annons/1401820303
FHJ01M,2023,El,SUV,890000,48680,18282.66,https://www.blocket.se/annons/1401726632
HAU221,2016,Diesel,Kombi,175000,207130,844.88,https://www.blocket.se/annons/1401824859
ACW24C,2019,Diesel,Kombi,265000,197000,1345.18,https://www.blocket.se/annons/1401820653
HPR135,2016,Diesel,Sedan,215000,130320,1649.79,https://www.blocket.se/annons/1401786977
YMZ213,2017,Bensin,Halvkombi,100000,117260,852.81,https://www.blocket.se/annons/1401801777
DHL735,2018,Diesel,Skåpbil,70000,119800,584.31,https://www.blocket.se/annons/1401793907
ZHO124,2018,Bensin,Halvkombi,330000,44860,7356.22,https://www.blocket.se/annons/1401809481
JWA13P,2023,El,SUV,348000,59000,5898.31,https://www.blocket.se/annons/1401724234
OCZ040,2016,El,Skåpbil,60000,105000,571.43,https://www.blocket.se/annons/1401820082
ZLA810,2018,El,SUV,425000,139140,3054.48,https://www.blocket.se/annons/1401702757
CJD631,2015,Diesel,Skåpbil,89900,307890,291.99,https://www.blocket.se/annons/1401817901
GRJ025,2016,Diesel,SUV,180000,187390,960.56,https://www.blocket.se/annons/1401778729
PXN17U,2024,Miljöbränsle/Hybrid,SUV,815000,12000,67916.67,https://www.blocket.se/annons/1401826613
GEW97C,2019,Diesel,Kombi,189000,202320,934.16,https://www.blocket.se/annons/1401826568
YWW198,2019,El,Skåpbil,102000,33480,3046.59,https://www.blocket.se/annons/1401825089
YKB865,2017,Diesel,Skåpbil,159000,182540,871.04,https://www.blocket.se/annons/1401788612
NMS922,2015,Diesel,Kombi,119000,292750,406.49,https://www.blocket.se/annons/1401810280
TMF393,2018,Bensin,Halvkombi,180000,75650,2379.38,https://www.blocket.se/annons/1401739416
YOP603,2018,Diesel,Kombi,160000,355000,450.7,https://www.blocket.se/annons/1401769007
ZEP340,2018,Bensin,Kombi,177000,136240,1299.18,https://www.blocket.se/annons/1401819351
EBE426,2019,Bensin,SUV,249000,85330,2918.08,https://www.blocket.se/annons/1401715806
GJS385,2018,Diesel,Kombi,199900,188000,1063.3,https://www.blocket.se/annons/1401810113
XSP662,2016,Diesel,Halvkombi,117000,228000,513.16,https://www.blocket.se/annons/1401807733
PRD23K,2022,Miljöbränsle/Hybrid,Kombi,317000,150000,2113.33,https://www.blocket.se/annons/1401826420
FEH56K,2022,Bensin,Kombi,399900,37730,10598.99,https://www.blocket.se/annons/1401703681
HYR069,2017,Diesel,Sedan,225000,131500,1711.03,https://www.blocket.se/annons/1401825359
SNJ47C,2019,Diesel,Kombi,305000,130110,2344.17,https://www.blocket.se/annons/1401818919
CMS243,2015,Diesel,SUV,149000,210320,708.44,https://www.blocket.se/annons/1401807759
FHG78C,2020,Bensin,Halvkombi,108000,17000,6352.94,https://www.blocket.se/annons/1401814486
SFD76M,2020,Miljöbränsle/Hybrid,Halvkombi,135000,122500,1102.04,https://www.blocket.se/annons/1401821970
NZH713,2018,Diesel,Skåpbil,129000,143320,900.08,https://www.blocket.se/annons/1401813541
LFG61J,2020,Miljöbränsle/Hybrid,Kombi,219000,186150,1176.47,https://www.blocket.se/annons/1401809338
WYK70L,2021,Miljöbränsle/Hybrid,Kombi,329900,85520,3857.58,https://www.blocket.se/annons/1401809454
KHZ519,2022,El,Kombi,250000,64450,3878.98,https://www.blocket.se/annons/1401782954
LWH450,2016,Bensin,Kombi,509000,86690,5871.5,https://www.blocket.se/annons/1401809581
EUB071,2019,Bensin,Halvkombi,115000,62710,1833.84,https://www.blocket.se/annons/1401809590
AHU83S,2019,Miljöbränsle/Hybrid,Kombi,165000,170000,970.59,https://www.blocket.se/annons/1401809371
OPZ63D,2019,Diesel,Kombi,186000,216000,861.11,https://www.blocket.se/annons/1401809673
ANC73A,2020,Miljöbränsle/Hybrid,SUV,560000,110000,5090.91,https://www.blocket.se/annons/1401811158
ULU635,2015,Diesel,Kombi,115000,218090,527.31,https://www.blocket.se/annons/1401822564
GUM480,2016,Diesel,SUV,183000,222130,823.84,https://www.blocket.se/annons/1401819107
ELU372,2015,Bensin,Halvkombi,84000,151000,556.29,https://www.blocket.se/annons/1401823605
EMB75S,2019,Miljöbränsle/Hybrid,Kombi,240000,80000,3000.0,https://www.blocket.se/annons/1401807771
FRJ06L,2022,El,Sedan,331000,56000,5910.71,https://www.blocket.se/annons/1401736144
GGB393,2015,Bensin,SUV,117500,137600,853.92,https://www.blocket.se/annons/1401818913
YLW941,2018,Diesel,Skåpbil,175000,115190,1519.23,https://www.blocket.se/annons/1401760353
LSU179,2015,Diesel,Kombi,80000,204000,392.16,https://www.blocket.se/annons/1401806286
WYK19A,2020,Miljöbränsle/Hybrid,Kombi,290000,140000,2071.43,https://www.blocket.se/annons/1401759119
ZEW409,2018,Bensin,Halvkombi,109000,132500,822.64,https://www.blocket.se/annons/1401809739
FNU183,2015,Diesel,Kombi,79000,219970,359.14,https://www.blocket.se/annons/1401809497
WPO323,2016,Diesel,Skåpbil,184000,259670,708.59,https://www.blocket.se/annons/1401819862
UGY836,2019,Miljöbränsle/Hybrid,Kombi,168000,129060,1301.72,https://www.blocket.se/annons/1401810191
MCM029,2016,Diesel,SUV,103200,232820,443.26,https://www.blocket.se/annons/1401814376
TBP993,2017,Diesel,Kombi,310000,136140,2277.07,https://www.blocket.se/annons/1401812649
ZDM445,2018,Bensin,SUV,175000,107040,1634.9,https://www.blocket.se/annons/1401816981
PAU904,2016,Diesel,SUV,210000,111000,1891.89,https://www.blocket.se/annons/1401822541
LLK327,2016,Diesel,Halvkombi,169000,164240,1028.98,https://www.blocket.se/annons/1401722473
ZFC460,2018,Bensin,SUV,170000,119000,1428.57,https://www.blocket.se/annons/1401804429
RZP514,2017,El,Halvkombi,239000,230880,1035.17,https://www.blocket.se/annons/1401763007
YUY941,2019,Miljöbränsle/Hybrid,SUV,330000,153460,2150.4,https://www.blocket.se/annons/1401826778
YOS61K,2021,El,SUV,265000,68910,3845.6,https://www.blocket.se/annons/1401817725
PEZ806,2017,Diesel,Skåpbil,169000,102870,1642.85,https://www.blocket.se/annons/1401722011
DRL575,2015,Diesel,Sedan,190000,197750,960.81,https://www.blocket.se/annons/1401787626
JZB748,2016,Diesel,Kombi,124900,214130,583.29,https://www.blocket.se/annons/1401809378
RUJ85H,2020,Miljöbränsle/Hybrid,Kombi,230000,80500,2857.14,https://www.blocket.se/annons/1401821743
TWP01C,2021,Miljöbränsle/Hybrid,Kombi,305000,109000,2798.17,https://www.blocket.se/annons/1401743531
LYR292,2016,Diesel,Kombi,108000,291890,370.0,https://www.blocket.se/annons/1401809190
DPC591,2015,Diesel,Halvkombi,130000,140900,922.64,https://www.blocket.se/annons/1401733360
MKT917,2017,Diesel,Kombi,139000,224320,619.65,https://www.blocket.se/annons/1401795687
RUA188,2019,Diesel,Skåpbil,159000,81200,1958.13,https://www.blocket.se/annons/1401766378
HFC28F,2020,Miljöbränsle/Hybrid,Sedan,385000,87030,4423.76,https://www.blocket.se/annons/1401814339
MXU684,2016,Diesel,Halvkombi,79900,139380,573.25,https://www.blocket.se/annons/1401813002
MFD02F,2019,Miljöbränsle/Hybrid,Kombi,125900,153000,822.88,https://www.blocket.se/annons/1401809012
WDS548,2016,Bensin,Halvkombi,65000,183000,355.19,https://www.blocket.se/annons/1401622838
YTT565,2019,Diesel,Sedan,350000,114730,3050.64,https://www.blocket.se/annons/1401807958
FEF550,2015,Diesel,Familjebuss,78000,0,,https://www.blocket.se/annons/1401811862
NXZ105,2017,Diesel,Sedan,185000,152000,1217.11,https://www.blocket.se/annons/1401688130
DWN660,2018,Bensin,Kombi,229000,113000,2026.55,https://www.blocket.se/annons/1401822932
OFM862,2016,Bensin,Halvkombi,112000,41400,2705.31,https://www.blocket.se/annons/1401822439
RMZ059,2021,Diesel,Kombi,359000,120920,2968.91,https://www.blocket.se/annons/1401812142
DAZ683,2015,Diesel,Kombi,65000,227640,285.54,https://www.blocket.se/annons/1401782225
YXE310,2019,Bensin,Halvkombi,175000,85540,2045.83,https://www.blocket.se/annons/1401823436
XHH81A,2020,Diesel,Sedan,390000,114000,3421.05,https://www.blocket.se/annons/1401822313
YGL011,2017,Diesel,Sedan,290000,237790,1219.56,https://www.blocket.se/annons/1401807669
LEG991,2016,Diesel,Kombi,85000,154630,549.7,https://www.blocket.se/annons/1401821630
HPK69P,2019,Bensin,Halvkombi,449000,54000,8314.81,https://www.blocket.se/annons/1401701351
GYL413,2019,Bensin,Kombi,179000,70000,2557.14,https://www.blocket.se/annons/1401806577
NSR647,2015,Bensin,Halvkombi,90000,124460,723.12,https://www.blocket.se/annons/1401812421
YMF457,2017,Diesel,SUV,250000,80000,3125.0,https://www.blocket.se/annons/1401809730
JAP766,2017,Bensin,Kombi,234999,143600,1636.48,https://www.blocket.se/annons/1401793337
GWJ895,2015,Diesel,Kombi,145000,133350,1087.36,https://www.blocket.se/annons/1401799554
YUL961,2019,Diesel,Kombi,299500,179680,1666.85,https://www.blocket.se/annons/1401814228
NBY160,2016,Diesel,Halvkombi,105000,176350,595.41,https://www.blocket.se/annons/1401824349
WJT618,2017,Diesel,Kombi,173000,132000,1310.61,https://www.blocket.se/annons/1401681129
OZF22R,2019,Diesel,Sedan,349000,304790,1145.05,https://www.blocket.se/annons/1401820669
AHP31R,2019,Miljöbränsle/Hybrid,SUV,208000,97470,2133.99,https://www.blocket.se/annons/1401824074
YKY263,2017,Diesel,Halvkombi,169900,136560,1244.14,https://www.blocket.se/annons/1401826855
RSM500,2018,Miljöbränsle/Hybrid,Sedan,168000,164150,1023.45,https://www.blocket.se/annons/1401815617
SUS531,2015,Bensin,Kombi,75000,168000,446.43,https://www.blocket.se/annons/1401817517
PLM157,2017,Diesel,SUV,192000,147000,1306.12,https://www.blocket.se/annons/1401813333
YYM087,2018,Bensin,Coupé,499000,40000,12475.0,https://www.blocket.se/annons/1401706542
FZP435,2018,Diesel,Sedan,265000,88000,3011.36,https://www.blocket.se/annons/1401718961
FDP832,2017,Diesel,Kombi,100000,81890,1221.15,https://www.blocket.se/annons/1401807863
NUY707,2016,Diesel,Kombi,55000,196860,279.39,https://www.blocket.se/annons/1401813373
EZL66H,2019,Miljöbränsle/Hybrid,SUV,250000,54600,4578.75,https://www.blocket.se/annons/1401813297
PUE23F,2020,Bensin,SUV,245000,65000,3769.23,https://www.blocket.se/annons/1401819850
KSO655,2015,Diesel,Kombi,105000,276570,379.65,https://www.blocket.se/annons/1401808577
MUZ757,2016,Diesel,Kombi,157000,196980,797.04,https://www.blocket.se/annons/1401812772
FSE06C,2020,Miljöbränsle/Hybrid,Kombi,279000,149620,1864.72,https://www.blocket.se/annons/1401825367
JJM155,2016,Diesel,Sedan,159000,164630,965.8,https://www.blocket.se/annons/1401820258
JKB605,2016,Diesel,Halvkombi,153000,100000,1530.0,https://www.blocket.se/annons/1401814383
RKF173,2017,Diesel,Kombi,155000,238550,649.76,https://www.blocket.se/annons/1401737795
JAM88Z,2022,Miljöbränsle/Hybrid,Kombi,995000,25520,38989.03,https://www.blocket.se/annons/1401721946
PXN356,2018,Diesel,Sedan,169000,212900,793.8,https://www.blocket.se/annons/1401811760
FCM611,2015,Bensin,Kombi,65000,87560,742.35,https://www.blocket.se/annons/1401776625
DKD557,2016,Diesel,SUV,150000,110630,1355.87,https://www.blocket.se/annons/1401824392
MLE183,2015,Miljöbränsle/Hybrid,Kombi,133000,176000,755.68,https://www.blocket.se/annons/1401819009
PNG466,2015,Bensin,Halvkombi,139900,132500,1055.85,https://www.blocket.se/annons/1401823033
AMT83L,2020,Bensin,SUV,720000,53800,13382.9,https://www.blocket.se/annons/1401816400
FBE58S,2021,Miljöbränsle/Hybrid,SUV,409000,75000,5453.33,https://www.blocket.se/annons/1401820511
NPD73K,2020,Bensin,Halvkombi,159000,71330,2229.08,https://www.blocket.se/annons/1401670520
OFN688,2016,Bensin,Halvkombi,114000,77000,1480.52,https://www.blocket.se/annons/1401821770
OEH165,2017,Bensin,Halvkombi,105000,85320,1230.66,https://www.blocket.se/annons/1401823909
YWS916,2017,Bensin,SUV,189900,53830,3527.77,https://www.blocket.se/annons/1401809058
NHT52A,2020,Bensin,Halvkombi,225000,52560,4280.82,https://www.blocket.se/annons/1401820143
SAM03N,2024,Miljöbränsle/Hybrid,Kombi,341375,15300,22312.09,https://www.blocket.se/annons/1401817357
NJF918,2016,Diesel,Kombi,155000,186000,833.33,https://www.blocket.se/annons/1401821625
EZK651,2015,Diesel,Halvkombi,71000,119710,593.1,https://www.blocket.se/annons/1401818767
YRE683,2017,Miljöbränsle/Hybrid,Halvkombi,145000,58630,2473.14,https://www.blocket.se/annons/1401811565
RZD662,2015,Bensin,Halvkombi,115000,138500,830.32,https://www.blocket.se/annons/1401807989
NCS334,2016,Miljöbränsle/Hybrid,Sedan,239400,52000,4603.85,https://www.blocket.se/annons/1401714708
AZD21X,2022,Diesel,Kombi,320000,58230,5495.45,https://www.blocket.se/annons/1401801282
JRL199,2015,Diesel,Kombi,100000,322390,310.18,https://www.blocket.se/annons/1401763161
KGJ483,2015,Diesel,Sedan,165000,190220,867.42,https://www.blocket.se/annons/1401815443
MTS923,2016,Bensin,Halvkombi,129000,121624,1060.65,https://www.blocket.se/annons/1401818730
FNH433,2015,Diesel,Halvkombi,109500,185010,591.86,https://www.blocket.se/annons/1401689876
LBB90R,2019,Diesel,Kombi,185000,237300,779.6,https://www.blocket.se/annons/1401821653
GTW484,2016,Diesel,Familjebuss,148000,140910,1050.32,https://www.blocket.se/annons/1401810585
ECF728,2019,Bensin,Halvkombi,245000,66000,3712.12,https://www.blocket.se/annons/1401816617
WGK457,2019,Diesel,Kombi,245000,119940,2042.69,https://www.blocket.se/annons/1401811338
ZDK691,2018,Diesel,Kombi,265000,110730,2393.21,https://www.blocket.se/annons/1401822198
PKW907,2018,Diesel,Kombi,219000,134040,1633.84,https://www.blocket.se/annons/1401808156
PFG906,2017,Bensin,Kombi,155000,159010,974.78,https://www.blocket.se/annons/1401821718
NLX262,2018,Diesel,SUV,299900,82680,3627.24,https://www.blocket.se/annons/1401823556
DNL15T,2019,El,Halvkombi,200000,48000,4166.67,https://www.blocket.se/annons/1401814277
OAP24B,2020,Miljöbränsle/Hybrid,Kombi,190000,152450,1246.31,https://www.blocket.se/annons/1401818857
XSZ81E,2020,Bensin,SUV,125000,157000,796.18,https://www.blocket.se/annons/1401816697
PGR035,2017,Bensin,Halvkombi,109000,130830,833.14,https://www.blocket.se/annons/1401817845
CMH35L,2019,Bensin,Halvkombi,111000,68320,1624.71,https://www.blocket.se/annons/1401799861
WZB341,2018,El,Halvkombi,149000,79000,1886.08,https://www.blocket.se/annons/1401810181
CCF34D,2021,Miljöbränsle/Hybrid,SUV,220000,84000,2619.05,https://www.blocket.se/annons/1401641527
YNJ141,2019,Bensin,Kombi,275000,126300,2177.36,https://www.blocket.se/annons/1401825417
DMA13Z,2021,Miljöbränsle/Hybrid,Kombi,202400,87500,2313.14,https://www.blocket.se/annons/1401811326
OJR269,2017,Bensin,Kombi,148000,77700,1904.76,https://www.blocket.se/annons/1401812415
ORN372,2018,Diesel,Kombi,219000,164000,1335.37,https://www.blocket.se/annons/1401819510
GGF291,2015,Diesel,Kombi,119000,214560,554.62,https://www.blocket.se/annons/1401813457
NCA32B,2020,Diesel,Kombi,365000,103350,3531.69,https://www.blocket.se/annons/1401823708
UEU990,2018,Bensin,Halvkombi,135000,60050,2248.13,https://www.blocket.se/annons/1401812420
HRD464,2016,Diesel,Kombi,229000,104000,2201.92,https://www.blocket.se/annons/1401785008
CCY85A,2020,Bensin,Sedan,440000,87000,5057.47,https://www.blocket.se/annons/1401812898
MAA112,2016,Diesel,Halvkombi,169000,265000,637.74,https://www.blocket.se/annons/1401739890
HAN81C,2022,El,Halvkombi,315000,54950,5732.48,https://www.blocket.se/annons/1401824969
EWP645,2015,Diesel,Halvkombi,135000,91000,1483.52,https://www.blocket.se/annons/1401810148
COW053,2015,Diesel,Kombi,135000,210000,642.86,https://www.blocket.se/annons/1401813702
GCE815,2015,Diesel,SUV,99000,168000,589.29,https://www.blocket.se/annons/1401780582
FEN232,2023,El,SUV,434900,85000,5116.47,https://www.blocket.se/annons/1401782704
UGB425,2015,Diesel,Kombi,125000,250000,500.0,https://www.blocket.se/annons/1401817575
DTN978,2018,Diesel,Kombi,128000,458560,279.13,https://www.blocket.se/annons/1401817319
KBZ628,2017,Bensin,Kombi,112000,150000,746.67,https://www.blocket.se/annons/1401823143
DGF744,2015,Diesel,Halvkombi,150000,147800,1014.88,https://www.blocket.se/annons/1401813062
NRF154,2017,Diesel,Kombi,189000,167000,1131.74,https://www.blocket.se/annons/1401824317
BFU94B,2021,Miljöbränsle/Hybrid,SUV,197000,59150,3330.52,https://www.blocket.se/annons/1401827060
LET92E,2018,Diesel,Sedan,169000,103780,1628.44,https://www.blocket.se/annons/1401818709
OWK24W,2017,Diesel,SUV,379000,149880,2528.69,https://www.blocket.se/annons/1401817918
AED71J,2023,El,Halvkombi,225000,7640,29450.26,https://www.blocket.se/annons/1401824142
NAL754,2016,Diesel,Kombi,130000,155000,838.71,https://www.blocket.se/annons/1401826012
YWT772,2018,Diesel,Kombi,200000,60040,3331.11,https://www.blocket.se/annons/1401811926
FXE736,2016,Bensin,Familjebuss,115500,130820,882.89,https://www.blocket.se/annons/1401818945
CHJ277,2017,Diesel,SUV,157900,224850,702.25,https://www.blocket.se/annons/1401817055
PWT683,2015,Diesel,Kombi,160000,226000,707.96,https://www.blocket.se/annons/1401809645
ZFL130,2018,Bensin,Halvkombi,193000,77880,2478.17,https://www.blocket.se/annons/1401823271
YUD215,2018,Diesel,Kombi,185000,172200,1074.33,https://www.blocket.se/annons/1401822885
YGC880,2017,Bensin,Kombi,328000,130930,2505.16,https://www.blocket.se/annons/1401808708
EXO363,2019,Diesel,SUV,270000,173620,1555.12,https://www.blocket.se/annons/1401821930
YLO110,2018,Diesel,Kombi,195000,74000,2635.14,https://www.blocket.se/annons/1401826134
ODN94B,2021,Bensin,SUV,249000,72700,3425.03,https://www.blocket.se/annons/1401821267
RAW35W,2024,El,SUV,735000,59000,12457.63,https://www.blocket.se/annons/1401820297
EZX67T,2020,Bensin,Halvkombi,298000,55000,5418.18,https://www.blocket.se/annons/1401825975
YHD932,2017,Diesel,SUV,249000,142800,1743.7,https://www.blocket.se/annons/1401695455
BKG32P,2020,Bensin,Kombi,225000,92130,2442.2,https://www.blocket.se/annons/1401820979
BSB967,2017,El,Halvkombi,80000,125530,637.3,https://www.blocket.se/annons/1401815672
LOM235,2015,Diesel,Halvkombi,119800,282500,424.07,https://www.blocket.se/annons/1401815456
ELU715,2016,Diesel,SUV,159000,214100,742.64,https://www.blocket.se/annons/1401747545
SZU948,2015,Bensin,SUV,95000,169350,560.97,https://www.blocket.se/annons/1401765255
YLM711,2017,Diesel,Halvkombi,132000,111060,1188.55,https://www.blocket.se/annons/1401614901
EBN24B,2024,Miljöbränsle/Hybrid,SUV,3206,1940,1652.58,https://www.blocket.se/annons/1401825812
EYZ664,2015,Diesel,Kombi,195000,123010,1585.24,https://www.blocket.se/annons/1401810297
YOU588,2018,Diesel,Kombi,190000,152000,1250.0,https://www.blocket.se/annons/1401824894
HSD846,2015,Bensin,Halvkombi,65000,135160,480.91,https://www.blocket.se/annons/1401812928
JRK606,2015,Diesel,Halvkombi,170000,130090,1306.79,https://www.blocket.se/annons/1401824292
KNA517,2017,Diesel,Kombi,86000,105240,817.18,https://www.blocket.se/annons/1401815065
XMA29S,2020,Bensin,Kombi,250000,90900,2750.28,https://www.blocket.se/annons/1401816225
JGK405,2015,Diesel,SUV,179000,218000,821.1,https://www.blocket.se/annons/1401813294
DGZ23H,2020,Diesel,Kombi,260000,254480,1021.69,https://www.blocket.se/annons/1401825161
EGY837,2015,Diesel,Familjebuss,99000,295000,335.59,https://www.blocket.se/annons/1401799782
UMD905,2016,Bensin,Kombi,90000,155060,580.42,https://www.blocket.se/annons/1401814025
JTT649,2018,Bensin,Halvkombi,138500,167000,829.34,https://www.blocket.se/annons/1401822929
HPM730,2016,Diesel,Familjebuss,155000,604600,256.37,https://www.blocket.se/annons/1401712120
PRA117,2017,Bensin,Halvkombi,132000,137130,962.59,https://www.blocket.se/annons/1401705925
NCU74A,2020,Bensin,Halvkombi,125000,64730,1931.1,https://www.blocket.se/annons/1401823167
EBC220,2015,Diesel,Cab,265000,74140,3574.32,https://www.blocket.se/annons/1401826858
AFU52S,2020,Diesel,Halvkombi,245000,61000,4016.39,https://www.blocket.se/annons/1401682080
UBJ037,2016,El,Sedan,395000,186620,2116.6,https://www.blocket.se/annons/1401807083
OUU148,2015,Diesel,Kombi,87000,195520,444.97,https://www.blocket.se/annons/1401815904
GEK12W,2023,Bensin,Coupé,1390000,7500,185333.33,https://www.blocket.se/annons/1401819336
XGJ60R,2021,El,Halvkombi,149000,60000,2483.33,https://www.blocket.se/annons/1401826287
MGX306,2016,Diesel,Kombi,219000,130950,1672.39,https://www.blocket.se/annons/1401794198
TEU980,2018,Diesel,Kombi,219900,121390,1811.52,https://www.blocket.se/annons/1401810447
RDS143,2016,Miljöbränsle/Hybrid,Halvkombi,176000,95630,1840.43,https://www.blocket.se/annons/1401823663
FCW37A,2020,Miljöbränsle/Hybrid,SUV,289900,117720,2462.62,https://www.blocket.se/annons/1401825803
AAW104,2017,Bensin,Kombi,179000,117060,1529.13,https://www.blocket.se/annons/1401819474
ELS67C,2020,Diesel,Halvkombi,339000,76000,4460.53,https://www.blocket.se/annons/1401824045
PJD23J,2020,Diesel,Kombi,210000,245300,856.09,https://www.blocket.se/annons/1401826651
DUR005,2015,Bensin,Halvkombi,69900,93060,751.13,https://www.blocket.se/annons/1401812434
LEU90H,2020,Diesel,SUV,595000,115000,5173.91,https://www.blocket.se/annons/1401814524
WSL28A,2020,Miljöbränsle/Hybrid,Kombi,185000,175120,1056.42,https://www.blocket.se/annons/1401738265
YNT296,2018,Bensin,Halvkombi,121000,98990,1222.35,https://www.blocket.se/annons/1401809998
OKC180,2017,Bensin,Kombi,189500,130440,1452.78,https://www.blocket.se/annons/1401812018
ALP244,2016,Bensin,Cab,99000,60290,1642.06,https://www.blocket.se/annons/1401817903
OGR818,2017,Diesel,Kombi,215000,88420,2431.58,https://www.blocket.se/annons/1401826548
JMW402,2016,Diesel,Halvkombi,190000,141970,1338.31,https://www.blocket.se/annons/1401812782
JHA79E,2021,Miljöbränsle/Hybrid,Halvkombi,325000,40470,8030.64,https://www.blocket.se/annons/1401810570
GAN339,2017,Bensin,Halvkombi,103000,87870,1172.19,https://www.blocket.se/annons/1401690560
OJE94G,2020,El,Halvkombi,159000,120860,1315.57,https://www.blocket.se/annons/1401641886
WKK59L,2020,El,Halvkombi,140000,118000,1186.44,https://www.blocket.se/annons/1401819501
DDS468,2015,Diesel,Kombi,157500,143000,1101.4,https://www.blocket.se/annons/1401809539
XME89L,2019,Bensin,SUV,215000,90140,2385.18,https://www.blocket.se/annons/1401793241
YKX504,2017,El,Halvkombi,259000,116960,2214.43,https://www.blocket.se/annons/1401671886
OBZ270,2015,Diesel,Kombi,185000,196500,941.48,https://www.blocket.se/annons/1401818811
SFX597,2016,Diesel,Halvkombi,119999,140350,855.0,https://www.blocket.se/annons/1401819104
KRB99B,2020,Bensin,SUV,485000,93850,5167.82,https://www.blocket.se/annons/1401642844
FEZ86M,2018,Bensin,Halvkombi,325000,101990,3186.59,https://www.blocket.se/annons/1401792717
YGE361,2017,Diesel,SUV,355000,162040,2190.82,https://www.blocket.se/annons/1401783765
WLK890,2018,Diesel,Kombi,285000,187250,1522.03,https://www.blocket.se/annons/1401795691
PNF492,2015,Bensin,Halvkombi,140000,108070,1295.46,https://www.blocket.se/annons/1401825965
JZY181,2015,Bensin,Kombi,65000,137030,474.35,https://www.blocket.se/annons/1401822192
PFE347,2021,Bensin,Halvkombi,100000,161350,619.77,https://www.blocket.se/annons/1401750234
EGG57Z,2022,El,SUV,429000,54600,7857.14,https://www.blocket.se/annons/1401686833
EAK524,2015,Diesel,Sedan,85000,303660,279.92,https://www.blocket.se/annons/1401707821
MSW046,2018,Diesel,SUV,199000,117470,1694.05,https://www.blocket.se/annons/1401822028
GTF691,2015,Bensin,Cab,89000,53000,1679.25,https://www.blocket.se/annons/1401652733
UWY261,2015,Bensin,Kombi,127000,148000,858.11,https://www.blocket.se/annons/1401813647
JOM941,2015,Diesel,SUV,109000,181480,600.62,https://www.blocket.se/annons/1401824391
OGD24F,2021,Miljöbränsle/Hybrid,SUV,369000,64000,5765.62,https://www.blocket.se/annons/1401794793
MUK657,2016,Diesel,Kombi,156900,190790,822.37,https://www.blocket.se/annons/1401812931
NJZ73D,2019,Bensin,Coupé,369000,87890,4198.43,https://www.blocket.se/annons/1401789019
WJE535,2016,Bensin,Halvkombi,128500,44960,2858.1,https://www.blocket.se/annons/1401826316
XFR39G,2021,Miljöbränsle/Hybrid,Kombi,340000,93000,3655.91,https://www.blocket.se/annons/1401807975
MGX894,2018,Diesel,SUV,349500,56600,6174.91,https://www.blocket.se/annons/1401819604
ZDM545,2018,Bensin,Halvkombi,149000,79500,1874.21,https://www.blocket.se/annons/1401820743
CWH53N,2022,El,SUV,300000,12150,24691.36,https://www.blocket.se/annons/1401820997
SDK65G,2022,Miljöbränsle/Hybrid,SUV,180000,180000,1000.0,https://www.blocket.se/annons/1401752718
WNH08G,2020,Diesel,Sedan,345000,58870,5860.37,https://www.blocket.se/annons/1401808779
RGO006,2019,Diesel,SUV,438000,153900,2846.0,https://www.blocket.se/annons/1401582686
KSE411,2015,Diesel,Kombi,154000,155140,992.65,https://www.blocket.se/annons/1401809689
EHG401,2016,Diesel,Halvkombi,117900,161500,730.03,https://www.blocket.se/annons/1401809066
JWH729,2016,Bensin,Halvkombi,90000,146500,614.33,https://www.blocket.se/annons/1401639149
OJG476,2017,Diesel,Kombi,162000,176970,915.41,https://www.blocket.se/annons/1401808636
OPA602,2017,Diesel,Halvkombi,100000,216800,461.25,https://www.blocket.se/annons/1401808881
NDR908,2017,Bensin,Halvkombi,85000,45860,1853.47,https://www.blocket.se/annons/1401809620
UTX573,2018,Diesel,Sedan,140000,186400,751.07,https://www.blocket.se/annons/1401807926
NBF897,2016,Bensin,Cab,200000,66750,2996.25,https://www.blocket.se/annons/1401808687
RPW969,2018,Bensin,Kombi,125000,57920,2158.15,https://www.blocket.se/annons/1401809232
